player,value
Ederson,25.0
Stefan Ortega,9.0
Scott Carson,0.2
Rúben Dias,70.0
Abdukodir Khusanov,35.0
Nathan Aké,32.0
Manuel Akanji,32.0
John Stones,30.0
Vitor Reis,30.0
Josko Gvardiol,75.0
Rico Lewis,40.0
Rodri,130.0
Nico González,40.0
Matheus Nunes,35.0
Mateo Kovacic,25.0
İlkay Gündoğan,7.0
Bernardo Silva,45.0
Kevin De Bruyne,27.0
Claudio Echeverri,18.0
James McAtee,18.0
Nico O'Reilly,7.0
Jérémy Doku,55.0
Jack Grealish,35.0
Phil Foden,130.0
Savinho,55.0
Oscar Bobb,25.0
Erling Haaland,200.0
Omar Marmoush,75.0
David Raya,40.0
Neto,2.0
William Saliba,80.0
Gabriel Magalhães,75.0
Jakub Kiwior,22.0
Riccardo Calafiori,40.0
Myles Lewis-Skelly,28.0
Oleksandr Zinchenko,22.0
Kieran Tierney,10.0
Ben White,50.0
Jurrien Timber,50.0
Takehiro Tomiyasu,25.0
Thomas Partey,15.0
Jorginho,8.0
Declan Rice,110.0
Mikel Merino,35.0
Martin Ødegaard,100.0
Gabriel Martinelli,55.0
Leandro Trossard,30.0
Bukayo Saka,150.0
Ethan Nwaneri,55.0
Raheem Sterling,15.0
Kai Havertz,70.0
Gabriel Jesus,40.0
Alisson,25.0
Caoimhín Kelleher,22.0
Vitezslav Jaros,5.0
Harvey Davies,0.5
Ibrahima Konaté,60.0
Virgil van Dijk,28.0
Joe Gomez,25.0
Jarell Quansah,22.0
Konstantinos Tsimikas,20.0
Andrew Robertson,20.0
Trent Alexander-Arnold,75.0
Conor Bradley,25.0
Ryan Gravenberch,70.0
Wataru Endo,10.0
Tyler Morton,8.0
Alexis Mac Allister,90.0
Dominik Szoboszlai,80.0
Curtis Jones,50.0
Harvey Elliott,35.0
Luis Díaz,85.0
Cody Gakpo,70.0
Mohamed Salah,55.0
Federico Chiesa,18.0
Darwin Núñez,50.0
Diogo Jota,45.0
Robert Sánchez,20.0
Filip Jørgensen,20.0
Marcus Bettinelli,0.8
Lucas Bergström,0.7
Levi Colwill,55.0
Wesley Fofana,27.0
Benoît Badiashile,25.0
Tosin Adarabioyo,20.0
Trevoh Chalobah,17.0
Aarón Anselmino,8.0
Marc Cucurella,30.0
Malo Gusto,35.0
Reece James,30.0
Josh Acheampong,5.0
Moisés Caicedo,80.0
Roméo Lavia,40.0
Enzo Fernández,75.0
Kiernan Dewsbury-Hall,22.0
Mathis Amougou,10.0
Cole Palmer,130.0
Omari Kellyman,1.5
Mykhaylo Mudryk,30.0
Jadon Sancho,30.0
Tyrique George,3.5
Pedro Neto,50.0
Noni Madueke,40.0
Nicolas Jackson,55.0
Christopher Nkunku,45.0
David Datro Fofana,8.5
Marc Guiu,8.0
Guglielmo Vicario,35.0
Antonín Kinský,15.0
Fraser Forster,1.2
Brandon Austin,0.6
Alfie Whiteman,0.5
Cristian Romero,55.0
Micky van de Ven,55.0
Kevin Danso,25.0
Radu Drăgușin,25.0
Ben Davies,8.0
Destiny Udogie,45.0
Sergio Reguilón,8.0
Pedro Porro,45.0
Archie Gray,35.0
Djed Spence,15.0
Rodrigo Bentancur,30.0
Yves Bissouma,28.0
Pape Matar Sarr,40.0
Lucas Bergvall,25.0
Dejan Kulusevski,60.0
James Maddison,50.0
Heung-min Son,30.0
Wilson Odobert,18.0
Mikey Moore,15.0
Timo Werner,10.0
Brennan Johnson,50.0
Dominic Solanke,45.0
Mathys Tel,40.0
Richarlison,25.0
Dane Scarlett,1.8
André Onana,32.0
Altay Bayındır,10.0
Tom Heaton,0.2
Leny Yoro,55.0
Lisandro Martínez,45.0
Matthijs de Ligt,40.0
Harry Maguire,15.0
Victor Lindelöf,10.0
Ayden Heaven,1.5
Jonny Evans,1.5
Patrick Dorgu,25.0
Luke Shaw,16.0
Harry Amass,
Diogo Dalot,35.0
Noussair Mazraoui,32.0
Manuel Ugarte,50.0
Casemiro,12.0
Toby Collyer,5.0
Kobbie Mainoo,55.0
Christian Eriksen,6.0
Bruno Fernandes,55.0
Mason Mount,28.0
Alejandro Garnacho,45.0
Amad Diallo,40.0
Rasmus Højlund,45.0
Joshua Zirkzee,35.0
Nick Pope,10.0
Odysseas Vlachodimos,7.0
Martin Dúbravka,1.0
Mark Gillespie,0.3
John Ruddy,0.2
Sven Botman,45.0
Fabian Schär,9.0
Dan Burn,7.0
Jamaal Lascelles,6.0
Lewis Hall,30.0
Matt Targett,8.0
Jamal Lewis,3.0
Tino Livramento,35.0
Kieran Trippier,5.0
Emil Krafth,2.5
Bruno Guimarães,80.0
Sandro Tonali,45.0
Joelinton,40.0
Joe Willock,28.0
Sean Longstaff,22.0
Lewis Miley,22.0
Anthony Gordon,65.0
Harvey Barnes,30.0
Jacob Murphy,16.0
Alexander Isak,100.0
Callum Wilson,11.0
William Osula,7.0
Emiliano Martínez,25.0
Robin Olsen,1.5
Pau Torres,40.0
Ezri Konsa,35.0
Axel Disasi,25.0
Tyrone Mings,6.0
Kortney Hause,2.0
Ian Maatsen,28.0
Lucas Digne,12.0
Matty Cash,28.0
Andrés García,7.0
Amadou Onana,55.0
Boubacar Kamara,38.0
Lamare Bogarde,5.0
Youri Tielemans,35.0
John McGinn,18.0
Ross Barkley,8.0
Jacob Ramsey,32.0
Morgan Rogers,50.0
Marcus Rashford,50.0
Leon Bailey,32.0
Donyell Malen,25.0
Marco Asensio,20.0
Ollie Watkins,50.0
Bart Verbruggen,25.0
Carl Rushworth,3.0
Jason Steele,2.0
Tom McGill,0.6
Jan Paul van Hecke,32.0
Igor,22.0
Adam Webster,12.0
Lewis Dunk,8.0
Eiran Cashin,8.0
Ferdi Kadıoğlu,30.0
Pervis Estupiñán,30.0
Tariq Lamptey,12.0
Joël Veltman,7.0
Carlos Baleba,35.0
Mats Wieffer,27.0
Jack Hinshelwood,24.0
Matt O'Riley,22.0
Yasin Ayari,17.0
Diego Gómez,13.0
James Milner,1.0
Kaoru Mitoma,45.0
Simon Adingra,30.0
Yankuba Minteh,30.0
Brajan Gruda,25.0
Solly March,8.0
João Pedro,50.0
Georginio Rutter,32.0
Danny Welbeck,5.0
Alphonse Areola,10.0
Wes Foderingham,0.9
Lukasz Fabianski,0.7
Maximilian Kilman,30.0
Jean-Clair Todibo,28.0
Konstantinos Mavropanos,17.0
Kaelan Casey,1.0
Emerson,12.0
Oliver Scarles,4.0
Aaron Cresswell,0.7
Aaron Wan-Bissaka,22.0
Vladimír Coufal,7.0
Edson Álvarez,30.0
Tomas Soucek,22.0
Guido Rodríguez,12.0
Carlos Soler,20.0
James Ward-Prowse,10.0
Andrew Irving,5.0
Lucas Paquetá,35.0
Crysencio Summerville,22.0
Mohammed Kudus,50.0
Jarrod Bowen,45.0
Luis Guilherme,18.0
Evan Ferguson,32.0
Niclas Füllkrug,12.0
Danny Ings,7.0
Michail Antonio,1.0
Matz Sels,7.0
Carlos Miguel,4.0
Wayne Hennessey,0.1
Murillo,55.0
Nikola Milenković,28.0
Morato,15.0
Willy Boly,2.0
Álex Moreno,11.0
Harry Toffolo,4.0
Neco Williams,20.0
Ola Aina,20.0
Ibrahim Sangaré,28.0
Danilo,28.0
Elliot Anderson,30.0
Nicolás Domínguez,17.0
Ryan Yates,13.0
Eric da Silva Moreira,1.0
Morgan Gibbs-White,50.0
Callum Hudson-Odoi,24.0
Ramón Sosa,13.0
Anthony Elanga,35.0
Jota Silva,14.0
Taiwo Awoniyi,18.0
Chris Wood,10.0
Dean Henderson,15.0
Matt Turner,4.0
Remi Matthews,0.5
Marc Guéhi,45.0
Maxence Lacroix,22.0
Chadi Riad,15.0
Chris Richards,12.0
Tyrick Mitchell,25.0
Ben Chilwell,18.0
Daniel Muñoz,25.0
Nathaniel Clyne,1.5
Caleb Kporha,1.0
Joel Ward,0.6
Adam Wharton,35.0
Cheick Doucouré,30.0
Jefferson Lerma,12.0
Kaden Rodney,0.2
Will Hughes,9.0
Justin Devenny,3.0
Eberechi Eze,55.0
Daichi Kamada,15.0
Romain Esse,12.0
Matheus França,10.0
Ismaïla Sarr,22.0
Malcolm Ebiowei,1.2
Jean-Philippe Mateta,30.0
Eddie Nketiah,22.0
Kepa Arrizabalaga,11.0
Will Dennis,0.3
Dean Huijsen,42.0
Ilya Zabarnyi,40.0
Marcos Senesi,24.0
James Hill,2.0
Matai Akinmboni,1.0
Max Kinsey,
Milos Kerkez,35.0
Julio Soler,8.0
Julián Araujo,10.0
Adam Smith,1.0
Tyler Adams,18.0
Alex Scott,20.0
Lewis Cook,15.0
Ryan Christie,12.0
Marcus Tavernier,20.0
Justin Kluivert,35.0
Dango Ouattara,25.0
Luis Sinisterra,17.0
Antoine Semenyo,35.0
David Brooks,12.0
Evanilson,35.0
Enes Ünal,13.0
Daniel Jebbison,4.0
Mark Flekken,10.0
Hákon Rafn Valdimarsson,2.5
Nathan Collins,28.0
Sepp van den Berg,20.0
Kristoffer Ajer,18.0
Ethan Pinnock,8.0
Ben Mee,0.9
Ji-soo Kim,0.6
Rico Henry,17.0
Aaron Hickey,18.0
Michael Kayode,18.0
Vitaly Janelt,22.0
Christian Nørgaard,12.0
Yunus Emre Konak,4.5
Mathias Jensen,16.0
Josh Dasilva,7.0
Paris Maghoma,0.6
Mikkel Damsgaard,25.0
Fábio Carvalho,15.0
Yegor Yarmolyuk,12.0
Kevin Schade,27.0
Keane Lewis-Potter,23.0
Gustavo Nunes,10.0
Bryan Mbeumo,50.0
Yoane Wissa,30.0
Igor Thiago,22.0
José Sá,8.0
Sam Johnstone,8.0
Daniel Bentley,2.0
Tom King,0.2
Toti,25.0
Emmanuel Agbadou,17.0
Nasser Djiga,10.0
Santiago Bueno,8.0
Yerson Mosquera,8.0
Bastien Meupiyou,2.5
Craig Dawson,2.0
Rayan Aït-Nouri,35.0
Nélson Semedo,10.0
Pedro Lima,5.0
Matt Doherty,2.5
André,25.0
Boubacar Traoré,6.0
João Gomes,40.0
Jean-Ricner Bellegarde,18.0
Marshall Munetsi,15.0
Tommy Doyle,10.0
Rodrigo Gomes,15.0
Gonçalo Guedes,13.0
Carlos Forbs,8.0
Enso González,4.0
Pablo Sarabia,7.0
Matheus Cunha,55.0
Jørgen Strand Larsen,27.0
Hee-chan Hwang,17.0
Sasa Kalajdzic,5.0
Nathan Fraser,0.6
Jordan Pickford,20.0
João Virgínia,0.8
Asmir Begovic,0.3
Jarrad Branthwaite,50.0
James Tarkowski,10.0
Michael Keane,6.0
Vitaliy Mykolenko,28.0
Nathan Patterson,15.0
Jake O'Brien,15.0
Ashley Young,0.5
Séamus Coleman,0.5
Orel Mangala,20.0
James Garner,20.0
Idrissa Gueye,2.0
Carlos Alcaraz,14.0
Tim Iroegbunam,10.0
Abdoulaye Doucouré,8.0
Dwight McNeil,25.0
Iliman Ndiaye,22.0
Jesper Lindstrøm,20.0
Jack Harrison,16.0
Dominic Calvert-Lewin,20.0
Beto,20.0
Armando Broja,13.0
Chermiti,9.0
Bernd Leno,11.0
Steven Benda,1.0
Joachim Andersen,32.0
Calvin Bassey,25.0
Issa Diop,16.0
Jorge Cuenca,6.0
Antonee Robinson,35.0
Ryan Sessegnon,9.0
Kenny Tete,15.0
Timothy Castagne,15.0
Sander Berge,25.0
Saša Lukić,10.0
Harrison Reed,7.0
Tom Cairney,2.0
Josh King,1.0
Emile Smith Rowe,32.0
Andreas Pereira,20.0
Alex Iwobi,25.0
Willian,1.0
Reiss Nelson,18.0
Harry Wilson,17.0
Adama Traoré,10.0
Rodrigo Muniz,20.0
Raúl Jiménez,5.0
Carlos Vinícius,4.0
Arijanet Muric,6.0
Christian Walton,1.5
Alex Palmer,1.2
Cieran Slicker,0.3
Jacob Greaves,20.0
Dara O'Shea,14.0
Ben Godfrey,8.0
Cameron Burgess,2.5
Luke Woolfenden,2.0
Leif Davis,25.0
Conor Townsend,1.2
Ben Johnson,9.0
Axel Tuanzebe,5.0
Kalvin Phillips,15.0
Jens Cajuste,12.0
Jack Taylor,3.0
Sam Morsy,0.9
Massimo Luongo,0.5
Julio Enciso,22.0
Omari Hutchinson,22.0
Jaden Philogene,18.0
Jack Clarke,15.0
Sammie Szmodics,12.0
Nathan Broadhead,5.0
Chiedozie Ogbene,8.0
Wes Burns,2.5
Conor Chaplin,8.0
Liam Delap,35.0
George Hirst,5.0
Mads Hermansen,15.0
Daniel Iversen,3.0
Danny Ward,1.5
Jakub Stolarczyk,0.4
Wout Faes,20.0
Caleb Okoli,12.0
Harry Souttar,8.0
Conor Coady,3.0
Jannik Vestergaard,3.0
Victor Kristiansen,16.0
Luke Thomas,6.0
James Justin,15.0
Ricardo Pereira,5.0
Woyo Coulibaly,2.0
Wilfred Ndidi,18.0
Boubakary Soumaré,14.0
Oliver Skipp,12.0
Harry Winks,10.0
Michael Golding,2.0
Bilal El Khannouss,30.0
Facundo Buonanotte,22.0
Stephy Mavididi,11.0
Issahaku Fatawu,13.0
Bobby De Cordova-Reid,4.0
Jordan Ayew,3.5
Kasey McAteer,0.9
Patson Daka,12.0
Odsonne Edouard,10.0
Jamie Vardy,1.0
Aaron Ramsdale,16.0
Joe Lumley,0.6
Alex McCarthy,0.5
Taylor Harwood-Bellis,25.0
Armel Bella-Kotchap,12.0
Jan Bednarek,11.0
Nathan Wood,3.8
Jack Stephens,2.0
Joachim Kayi Sanda,1.5
Juan Larios,4.5
Ryan Manning,3.5
Welington,3.5
Charlie Taylor,2.8
Kyle Walker-Peters,18.0
Yukinari Sugawara,12.0
James Bree,2.5
Lesley Ugochukwu,20.0
Flynn Downes,15.0
Mateus Fernandes,15.0
Albert Grønbaek,12.0
Will Smallbone,7.0
Joe Aribo,6.0
Adam Lallana,0.9
Kamaldeen Sulemana,13.0
Ryan Fraser,3.0
Tyler Dibling,25.0
Cameron Archer,14.0
Paul Onuachu,8.0
Ross Stewart,4.5
Rento Takaoka,
Thibaut Courtois,25.0
Andriy Lunin,20.0
Éder Militão,40.0
Antonio Rüdiger,24.0
David Alaba,10.0
Raúl Asencio,7.5
Jesús Vallejo,1.0
Ferland Mendy,18.0
Fran García,15.0
Daniel Carvajal,10.0
Lucas Vázquez,3.5
Aurélien Tchouaméni,80.0
Federico Valverde,130.0
Eduardo Camavinga,80.0
Luka Modric,5.0
Dani Ceballos,4.0
Jude Bellingham,180.0
Vinicius Junior,200.0
Rodrygo,100.0
Arda Güler,45.0
Brahim Díaz,35.0
Kylian Mbappé,160.0
Endrick,40.0
Marc-André ter Stegen,15.0
Iñaki Peña,10.0
Wojciech Szczesny,1.0
Pau Cubarsí,70.0
Ronald Araujo,55.0
Andreas Christensen,20.0
Eric García,18.0
Iñigo Martínez,5.0
Alejandro Balde,50.0
Gerard Martín,5.0
Jules Koundé,60.0
Héctor Fort,10.0
Marc Casadó,30.0
Marc Bernal,5.0
Pedri,100.0
Gavi,80.0
Fermín López,50.0
Frenkie de Jong,45.0
Dani Olmo,60.0
Pablo Torre,7.5
Raphinha,80.0
Ansu Fati,10.0
Lamine Yamal,180.0
Ferran Torres,28.0
Robert Lewandowski,15.0
Pau Víctor,5.0
Jan Oblak,25.0
Juan Musso,4.0
Robin Le Normand,40.0
José María Giménez,20.0
Clément Lenglet,7.5
Axel Witsel,2.5
César Azpilicueta,1.8
Reinildo Mandava,8.0
Javi Galán,4.0
Nahuel Molina,25.0
Pablo Barrios,50.0
Conor Gallagher,40.0
Rodrigo De Paul,25.0
Koke,10.0
Marcos Llorente,28.0
Thomas Lemar,5.0
Samuel Lino,25.0
Rodrigo Riquelme,22.0
Ángel Correa,15.0
Giuliano Simeone,12.0
Julián Alvarez,80.0
Alexander Sørloth,25.0
Antoine Griezmann,22.0
Álex Remiro,25.0
Unai Marrero,0.3
Nayef Aguerd,35.0
Igor Zubeldia,22.0
Jon Pacheco,10.0
Aritz Elustondo,4.0
Jon Martín,2.0
Javi López,7.5
Aihen Muñoz,6.0
Jon Aramburu,12.0
Hamari Traoré,3.0
Álvaro Odriozola,1.2
Martín Zubimendi,60.0
Beñat Turrientes,18.0
Luka Sucic,18.0
Jon Ander Olasagasti,1.2
Brais Méndez,35.0
Arsen Zakharyan,18.0
Pablo Marín,1.8
Ander Barrenetxea,20.0
Sheraldo Becker,6.0
Takefusa Kubo,40.0
Sergio Gómez,20.0
Mikel Oyarzabal,35.0
Orri Óskarsson,20.0
Unai Simón,28.0
Julen Agirrezabala,15.0
Dani Vivian,40.0
Aitor Paredes,22.0
Yeray Álvarez,7.5
Unai Núñez,4.0
Yuri Berchiche,1.5
Adama Boiro,1.5
Andoni Gorosabel,5.0
Iñigo Lekue,2.5
Óscar de Marcos,1.5
Mikel Vesga,3.0
Beñat Prados,20.0
Mikel Jauregizar,10.0
Iñigo Ruiz de Galarreta,4.0
Oihan Sancet,50.0
Unai Gómez,8.0
Nico Williams,70.0
Álex Berenguer,12.0
Álvaro Djaló,12.0
Iñaki Williams,20.0
Gorka Guruzeta,15.0
Maroan Sannadi,0.4
Giorgi Mamardashvili,40.0
Stole Dimitrievski,3.0
Jaume Doménech,0.6
Cristhian Mosquera,30.0
Yarek Gasiorowski,15.0
César Tárrega,6.0
Mouctar Diakhaby,2.0
José Gayà,15.0
Jesús Vázquez,4.0
Max Aarons,16.0
Thierry Correia,6.0
Dimitri Foulquier,2.0
Pepelu,15.0
Enzo Barrenechea,7.5
Hugo Guillamón,6.0
Javi Guerra,20.0
André Almeida,9.0
Iván Jaime,7.0
Martín Tejón,0.5
Luis Rioja,2.0
Sergi Canós,1.5
Diego López,10.0
Fran Pérez,4.0
Hugo Duro,12.0
Umar Sadiq,5.0
Rafa Mir,0.8
Diego Conde,10.0
Luiz Júnior,5.0
Iker Álvarez,0.8
Logan Costa,15.0
Willy Kambwala,4.0
Eric Bailly,2.5
Raúl Albiol,1.3
Pau Navarro,0.5
Sergi Cardona,7.0
Alfonso Pedraza,2.5
Juan Foyth,7.5
Kiko Femenía,1.2
Pape Gueye,8.0
Santi Comesaña,8.0
Dani Parejo,2.0
Denis Suárez,1.3
Álex Baena,50.0
Yéremy Pino,30.0
Ilias Akhomach,15.0
Tajon Buchanan,8.0
Nicolas Pépé,7.5
Thierno Barry,14.0
Ayoze Pérez,10.0
Gerard Moreno,5.0
Paulo Gazzaniga,3.5
Juan Carlos,0.1
Vladyslav Krapyvtsov,
Ladislav Krejci,12.0
Alejandro Francés,3.5
David López,2.0
Daley Blind,2.0
Juanpe,0.9
Miguel Gutiérrez,25.0
Arnau Martínez,10.0
Arthur Melo,5.0
Oriol Romeu,1.8
Yangel Herrera,20.0
Donny van de Beek,7.5
Jhon Solís,3.5
Iván Martín,10.0
Gabriel Misehouy,1.0
Bryan Gil,15.0
Arnaut Danjuma,8.0
Min-su Kim,1.0
Viktor Tsygankov,22.0
Yáser Asprilla,18.0
Portu,2.5
Abel Ruiz,7.5
Bojan Miovski,4.0
Cristhian Stuani,1.2
Álvaro Fernández,2.5
Ørjan Nyland,1.0
Loïc Badé,25.0
Kike Salas,8.0
Marcão,4.0
Tanguy Nianzou,3.0
Adrià Pedrosa,7.0
Juanlu Sánchez,12.0
José Ángel Carmona,10.0
Lucien Agoumé,7.0
Nemanja Gudelj,3.5
Albert Sambi Lokonga,12.0
Djibril Sow,7.5
Saúl Ñíguez,3.5
Manu Bueno,1.5
Stanis Idumbo,2.5
Rubén Vargas,7.0
Chidera Ejuke,6.0
Dodi Lukébakio,20.0
Suso,2.5
Peque Fernández,5.0
Isaac Romero,15.0
Akor Adams,9.0
Fran Vieites,0.8
Adrián,0.5
Natan,9.0
Diego Llorente,6.0
Marc Bartra,1.0
Romain Perraud,5.0
Ricardo Rodríguez,2.5
Aitor Ruibal,3.5
Héctor Bellerín,3.0
Youssouf Sabaly,2.0
Ángel Ortiz,0.3
Johnny Cardoso,20.0
Marc Roca,8.0
William Carvalho,2.0
Giovani Lo Celso,20.0
Sergi Altimira,7.5
Mateo Flores,0.2
Pablo Fornals,9.0
Isco,6.0
Abde Ezzalzouli,15.0
Jesús Rodríguez,1.0
Antony,20.0
Cucho Hernández,18.0
Chimy Ávila,2.8
Cédric Bakambu,1.8
Dinko Horkas,1.2
Jasper Cillessen,0.9
Mika Mármol,12.0
Scott McKenna,6.0
Alex Suárez,1.0
Juanma Herzog,1.0
Álex Muñoz,1.2
Andy Pelmard,2.5
Viti Rozada,2.5
Marvin Park,2.0
Stefan Bajcetic,9.0
Dário Essugo,8.0
Javi Muñoz,3.0
Enzo Loiodice,2.0
José Campaña,1.3
Alberto Moleiro,25.0
Kirian Rodríguez,12.0
Manu Fuster,1.5
Benito Ramírez,0.8
Adnan Januzaj,1.5
Fábio Silva,18.0
Oli McBurnie,3.5
Sandro Ramírez,2.5
Marc Cardona,1.2
Jaime Mata,0.8
Sergio Herrera,4.0
Aitor Fernández,1.5
Enzo Boyomo,20.0
Jorge Herrando,4.0
Alejandro Catena,4.0
Unai García,1.0
Abel Bretones,3.0
Juan Cruz,1.8
Jesús Areso,8.0
Rubén Peña,1.8
Lucas Torró,3.5
Iker Muñoz,3.0
Jon Moncayola,7.0
Pablo Ibáñez,2.3
Aimar Oroz,15.0
Bryan Zaragoza,12.0
Moi Gómez,3.0
José Manuel Arnáiz,1.8
Rubén García,2.0
Kike Barja,1.8
Ante Budimir,5.0
Raúl García,3.5
Iván Villar,1.2
Vicente Guaita,0.8
Carl Starfelt,6.0
Javi Rodríguez,6.0
Carlos Domínguez,2.5
Marcos Alonso,1.8
Mihailo Ristic,0.9
Óscar Mingueza,20.0
Javier Manquillo,1.8
Sergio Carreira,1.2
Damián Rodríguez,3.0
Jailson,1.5
Fran Beltrán,6.0
Hugo Sotelo,5.0
Ilaix Moriba,4.0
Hugo Álvarez,7.5
Williot Swedberg,5.0
Alfon González,1.0
Franco Cervi,0.9
Fer López,0.4
Iker Losada,1.8
Borja Iglesias,4.0
Iago Aspas,2.5
Pablo Durán,1.0
Dominik Greif,6.0
Leo Román,2.5
Iván Cuéllar,0.1
Martin Valjent,6.0
José Copete,2.8
Antonio Raíllo,2.0
David López,0.5
Toni Lato,2.8
Johan Mojica,2.2
Pablo Maffeo,5.0
Mateu Morey,0.8
Samú Costa,15.0
Omar Mascarell,0.9
Sergi Darder,4.0
Manu Morlanes,2.5
Antonio Sánchez,2.5
Robert Navarro,6.0
Dani Rodríguez,0.9
Chiquinho,2.5
Takuma Asano,2.5
Valery Fernández,2.5
Vedat Muriqi,8.0
Cyle Larin,3.5
Abdón Prats,1.5
Antonio Sivera,6.0
Jesús Owono,1.0
Adrián Rodríguez,0.1
Abdel Abqar,7.5
Santiago Mouriño,2.0
Moussa Diarra,2.0
Adrián Pica,1.5
Facundo Garcés,1.2
Aleksandar Sedlar,0.4
Manu Sánchez,6.0
Nahuel Tenaglia,3.0
Hugo Novoa,2.0
Antonio Blanco,7.5
Carlos Protesoni,1.5
Ander Guevara,5.0
Jon Guridi,4.0
Carles Aleñá,2.5
Joan Jordán,2.5
Carlos Martín,4.0
Tomás Conechny,3.0
Carlos Vicente,8.0
Toni Martínez,4.0
Asier Villalibre,2.2
Kike García,0.9
Pau Cabanes,0.5
Joan García,10.0
Fernando Pacheco,0.9
Ángel Fortuño,0.3
Marash Kumbulla,4.5
Fernando Calero,1.5
Leandro Cabrera,1.0
Sergi Gómez,0.9
Pablo Ramón,0.2
Carlos Romero,2.5
Brian Oliván,2.0
Omar El Hilali,3.0
Álvaro Tejero,2.0
Urko González de Zárate,1.2
Alex Král,6.0
José Gragera,2.0
Álvaro Aguado,2.0
Pol Lozano,1.8
Edu Expósito,1.5
Justin Smith,0.3
Rafel Bauzà,0.2
Javi Puado,8.0
Pere Milla,1.5
Jofre Carreras,4.0
Antoniu Roca,0.4
Alejo Veliz,4.0
Walid Cheddira,4.0
Roberto Fernández,3.5
Omar Sadik,0.3
David Soria,4.0
Jiri Letacek,2.0
Omar Alderete,5.0
Djené,2.0
Juan Berrocal,2.0
Domingos Duarte,0.8
Juan Bernat,2.5
Diego Rico,1.3
Juan Iglesias,3.5
Allan Nyom,0.4
Ramón Terrats,3.5
Mauro Arambarri,5.0
Luis Milla,3.5
Yellu Santiago,1.0
Christantus Uche,5.0
Alberto Risco,0.2
Juanmi,4.0
Coba da Costa,0.2
Álex Sola,3.0
Carles Pérez,3.0
Peter Federico,2.0
Borja Mayoral,9.0
Bertuğ Yıldırım,3.0
Álvaro Rodríguez,3.0
Augusto Batalla,6.0
Dani Cárdenas,1.8
Abdul Mumin,5.0
Florian Lejeune,2.8
Pelayo Fernández,0.5
Aridane Hernández,0.4
Pep Chavarría,2.0
Alfonso Espino,1.5
Andrei Rațiu,7.0
Iván Balliu,1.5
Gerard Gumbau,2.0
Óscar Valentín,3.5
Unai López,2.8
Pedro Díaz,2.0
Pathé Ciss,2.0
Randy Nteka,1.5
Joni Montiel,0.9
Oscar Trejo,0.8
Álvaro García,2.5
Jorge de Frutos,4.0
Adrián Embarba,1.5
Isi Palazón,4.0
Sergio Camello,3.5
Raúl de Tomás,0.8
Sergi Guardiola,0.6
Karl Hein,3.0
André Ferreira,0.8
Eray Cömert,3.0
Javi Sánchez,2.0
Joseph Aidoo,2.0
Cenk Özkacar,1.8
David Torres,1.5
Adam Aznou,3.0
Henrique Silva,0.8
Antonio Candela,2.3
Luis Pérez,2.0
Florian Grillitsch,3.5
Stanko Juric,1.8
Mario Martín,0.8
Tamás Nikitscher,0.9
Selim Amallah,1.8
Chuki,0.5
Raúl Moro,5.0
Darwin Machís,1.2
Kenedy,0.5
Amath Ndiaye,1.2
Anuar,0.9
Iván Sánchez,0.6
Juanmi Latasa,2.5
Mamadou Sylla,1.5
Marcos André,1.5
Juan Soriano,1.5
Marko Dmitrovic,0.8
Jorge Sáenz,1.5
Sergio González,1.5
Matija Nastasić,1.3
Javi Hernández,2.5
Borna Barisic,1.8
Enric Franquesa,1.5
Valentin Rosier,2.5
Adrià Altimira,1.8
Renato Tapia,5.0
Yvan Neyou,2.5
Julián Chicco,0.8
Seydouba Cissé,3.0
Darko Brasanac,1.2
Óscar Rodríguez,2.5
Roberto López,2.2
Juan Cruz,4.0
Duk,1.2
Munir El Haddadi,2.0
Dani Raba,1.8
Miguel de la Fuente,2.0
Diego García,1.5
Manuel Neuer,4.0
Daniel Peretz,3.0
Jonas Urbig,3.0
Sven Ulreich,0.5
Dayot Upamecano,50.0
Min-jae Kim,45.0
Hiroki Ito,30.0
Eric Dier,8.0
Tarek Buchmann,0.5
Alphonso Davies,50.0
Raphaël Guerreiro,10.0
Josip Stanisic,28.0
Sacha Boey,18.0
Joshua Kimmich,50.0
Aleksandar Pavlovic,50.0
João Palhinha,40.0
Konrad Laimer,25.0
Leon Goretzka,22.0
Jamal Musiala,140.0
Serge Gnabry,35.0
Kingsley Coman,35.0
Michael Olise,65.0
Leroy Sané,45.0
Thomas Müller,6.0
Gabriel Vidovic,3.0
Harry Kane,90.0
Matej Kovar,7.0
Lukas Hradecky,2.0
Niklas Lomb,0.2
Luca Novodomsky,
Piero Hincapié,40.0
Edmond Tapsoba,40.0
Jonathan Tah,30.0
Jeanuël Belocian,20.0
Mario Hermoso,10.0
Alejandro Grimaldo,40.0
Nordi Mukiele,10.0
Arthur,5.0
Granit Xhaka,17.0
Robert Andrich,15.0
Exequiel Palacios,40.0
Aleix García,20.0
Jeremie Frimpong,50.0
Nathan Tella,18.0
Florian Wirtz,140.0
Emiliano Buendía,18.0
Jonas Hofmann,5.0
Amine Adli,22.0
Martin Terrier,20.0
Victor Boniface,45.0
Patrik Schick,22.0
Alejo Sarco,0.8
Maarten Vandevoordt,8.0
Péter Gulácsi,2.5
Leopold Zingerle,0.4
Castello Lukeba,50.0
El Chadaille Bitshiabu,12.0
Willi Orbán,10.0
Lukas Klostermann,8.0
David Raum,25.0
Lutsharel Geertruida,32.0
Benjamin Henrichs,17.0
Kosta Nedeljkovic,8.5
Ridle Baku,7.0
Arthur Vermeeren,25.0
Xaver Schlager,28.0
Amadou Haidara,20.0
Nicolas Seiwald,16.0
Assan Ouédraogo,10.0
Kevin Kampl,3.0
Xavi Simons,80.0
Christoph Baumgartner,18.0
Viggo Gebel,0.3
Antonio Nusa,28.0
Tidiam Gomis,3.0
Loïs Openda,60.0
Benjamin Sesko,50.0
Yussuf Poulsen,5.0
Gregor Kobel,40.0
Marcel Lotka,1.3
Alexander Meyer,0.8
Silas Ostrzinski,0.2
Nico Schlotterbeck,40.0
Waldemar Anton,24.0
Niklas Süle,15.0
Filippo Mané,0.4
Ramy Bensebaini,7.0
Daniel Svensson,5.5
Almugera Kabar,1.0
Yan Couto,25.0
Julian Ryerson,20.0
Salih Özcan,7.0
Emre Can,7.0
Felix Nmecha,28.0
Carney Chukwuemeka,15.0
Marcel Sabitzer,15.0
Pascal Groß,7.0
Kjell Wätjen,2.0
Julian Brandt,35.0
Giovanni Reyna,12.0
Jamie Gittens,50.0
Julien Duranville,8.5
Karim Adeyemi,35.0
Cole Campbell,1.5
Serhou Guirassy,40.0
Maximilian Beier,30.0
Alexander Nübel,12.0
Dennis Seimen,1.5
Fabian Bredlow,1.0
Stefan Drljaca,0.3
Jeff Chabot,12.0
Ameen Al-Dakhil,10.0
Dan-Axel Zagadou,6.0
Finn Jeltsch,5.0
Anrie Chase,5.0
Luca Jaquez,4.5
Maximilian Mittelstädt,20.0
Ramon Hendriks,1.5
Josha Vagnoman,12.0
Leonidas Stergiou,5.0
Pascal Stenzel,2.5
Angelo Stiller,32.0
Atakan Karazor,12.0
Yannik Keitel,3.5
Nikolas Nartey,0.4
Enzo Millot,42.0
Laurin Ulrich,0.5
Chris Führich,18.0
Jacob Bruun Larsen,6.0
Justin Diehl,3.5
Jarzinho Malanga,1.4
Jamie Leweling,20.0
Fabian Rieder,10.0
Luca Raimund,0.5
Nick Woltemade,7.5
Ermedin Demirovic,28.0
Deniz Undav,28.0
El Bilal Touré,20.0
Wahid Faghir,1.0
Mohamed Sankoh,0.6
Thomas Kastanaras,0.5
Kevin Trapp,3.0
Kauã Santos,2.5
Jens Grahl,0.2
Arthur Theate,20.0
Robin Koch,18.0
Tuta,15.0
Aurèle Amenda,9.5
Nnamdi Collins,4.0
Nathaniel Brown,8.0
Niels Nkounkou,6.0
Rasmus Kristensen,10.0
Timothy Chandler,0.3
Ellyes Skhiri,9.0
Hugo Larsson,35.0
Mahmoud Dahoud,5.0
Oscar Højlund,2.0
Junior Dina Ebimbe,9.0
Farès Chaïbi,14.0
Can Uzun,12.0
Mario Götze,5.0
Krisztián Lisztes,3.0
Jean-Mattéo Bahoya,7.5
Ansgar Knauff,10.0
Hugo Ekitiké,40.0
Elye Wahi,25.0
Igor Matanovic,8.0
Michy Batshuayi,7.0
Kamil Grabara,14.0
Marius Müller,1.5
Pavao Pervan,0.3
Niklas Klinger,0.1
Konstantinos Koulierakis,15.0
Sebastiaan Bornauw,7.0
Denis Vavro,5.0
Mathys Angély,0.6
David Odogu,
Joakim Maehle,14.0
Rogério,3.5
Mads Roerslev,12.0
Kilian Fischer,4.0
Aster Vranckx,12.0
Mattias Svanberg,12.0
Maximilian Arnold,7.0
Yannick Gerhardt,3.0
Kevin Paredes,7.5
Lovro Majer,20.0
Bence Dárdai,6.0
Bennit Bröger,0.5
Jakub Kaminski,6.0
Andreas Skov Olsen,16.0
Patrick Wimmer,12.0
Mohamed Amoura,22.0
Jonas Wind,13.0
Tiago Tomás,9.0
Lukas Nmecha,4.0
Kevin Behrens,1.5
Bartosz Bialek,0.8
Noah Atubolu,10.0
Florian Müller,1.2
Jannik Huth,0.4
Philipp Lienhart,15.0
Matthias Ginter,8.0
Max Rosenfelder,4.0
Bruno Ogbus,1.0
Manuel Gulde,0.8
Christian Günter,4.0
Jordy Makengo,3.0
Kiliann Sildillia,10.0
Lukas Kübler,2.0
Nicolas Höfler,0.7
Maximilian Eggestein,10.0
Patrick Osterhage,8.5
Johan Manzambi,0.7
Merlin Röhl,12.0
Daniel-Kofi Kyereh,1.5
Niklas Beste,14.0
Vincenzo Grifo,7.5
Florent Muslija,2.5
Ritsu Doan,22.0
Eren Dinkçi,12.0
Maximilian Philipp,1.0
Junior Adamu,6.0
Michael Gregoritsch,6.0
Lucas Höler,3.5
Oliver Baumann,3.0
Luca Philipp,0.3
Jakob Busk,0.2
Lúkas Petersson,0.1
Ozan Kabak,7.5
Leo Østigård,7.0
Robin Hranac,5.5
Arthur Chaves,3.0
Kevin Akpoguma,2.5
Stanley Nsoki,2.5
Alexander Prass,9.0
David Jurásek,7.0
Christopher Lenz,0.8
Valentin Gendrey,8.5
Pavel Kaderabek,2.5
Anton Stach,12.0
Diadié Samassékou,1.0
Tom Bischof,12.0
Umut Tohumcu,7.0
Grischa Prömel,4.5
Dennis Geiger,3.0
Finn Becker,2.0
Florian Micheler,0.5
Andrej Kramaric,4.0
Bazoumana Touré,9.0
Marius Bülter,2.5
Adam Hlozek,18.0
Gift Orban,10.0
Max Moerstedt,4.0
Haris Tabakovic,3.0
Erencan Yardımcı,3.0
Ihlas Bebou,2.8
David Mokwa,0.2
Jonas Omlin,4.0
Moritz Nicolas,3.5
Tobias Sippel,0.3
Tiago Pereira Cardoso,0.3
Ko Itakura,15.0
Nico Elvedi,8.0
Marvin Friedrich,3.5
Fabio Chiarodia,2.0
Luca Netz,8.0
Lukas Ullrich,3.0
Joe Scally,10.0
Stefan Lainer,1.8
Julian Weigl,6.0
Niklas Swider,
Rocco Reitz,15.0
Philipp Sander,4.0
Florian Neuhaus,3.5
Kevin Stöger,4.5
Robin Hack,8.0
Yvandro Borges Sanches,0.5
Franck Honorat,12.0
Nathan Ngoumou,3.5
Tim Kleindienst,12.0
Alassane Pléa,6.0
Tomas Cvancara,5.0
Shio Fukuda,0.3
Michael Zetterer,4.5
Mio Backhaus,2.0
Markus Kolke,0.3
Marco Friedl,10.0
Niklas Stark,5.0
Milos Veljkovic,4.5
Amos Pieper,3.0
Julián Malatini,3.0
Anthony Jung,1.0
Derrick Köhn,6.0
Felix Agu,6.0
Issa Kaboré,6.0
Mitchell Weiser,5.0
Senne Lynen,9.0
Skelly Alvero,4.0
Jens Stage,12.0
Leonardo Bittencourt,2.0
Romano Schmid,15.0
Leon Opitz,0.6
Patrice Covic,
Marco Grüll,4.0
Abdenego Nankishi,0.4
Justin Njinmah,9.0
Marvin Ducksch,9.0
André Silva,5.0
Keke Topp,4.0
Oliver Burke,1.0
Frederik Rönnow,4.0
Alexander Schwolow,0.7
Carl Klaus,0.3
Diogo Leite,17.0
Danilho Doekhi,15.0
Leopold Querfeld,5.0
Kevin Vogt,2.0
Oluwaseun Ogbemudia,
Tom Rothe,12.0
Jérôme Roussillon,1.2
Josip Juranovic,6.0
Christopher Trimmel,0.6
Aljoscha Kemlein,7.0
Lucas Tousart,4.0
Rani Khedira,3.0
András Schäfer,5.0
László Bénes,4.0
Janik Haberer,2.5
Robert Skov,3.0
Woo-yeong Jeong,4.0
David Preu,0.2
Tim Skarke,3.0
Benedict Hollerbach,6.0
Marin Ljubicic,4.0
Kevin Volland,2.5
Andrej Ilic,2.5
Ivan Prtajin,1.5
Robin Zentner,3.0
Daniel Batz,0.3
Lasse Rieß,0.2
Andreas Hanche-Olsen,7.0
Moritz Jenz,6.0
Maxim Leitsch,2.0
Stefan Bell,0.8
Danny da Costa,0.8
Maxim Dal,0.1
Phillipp Mwene,1.8
Silvan Widmer,1.5
Nikolas Veratschnig,0.8
Kaishu Sano,7.0
Lennard Maloney,5.0
Dominik Kohr,2.5
Nadiem Amiri,11.0
Anthony Caci,7.0
Paul Nebel,7.0
Hyun-seok Hong,5.0
Jae-sung Lee,2.5
Arnaud Nordin,8.0
Armindo Sieb,4.0
Jonathan Burkardt,25.0
Nelson Weiper,4.0
Nediljko Labrovic,4.5
Finn Dahmen,2.5
Daniel Klein,0.1
Chrislain Matsima,7.0
Keven Schlotterbeck,7.0
Cédric Zesiger,4.0
Jeffrey Gouweleeuw,1.5
Reece Oxford,0.5
Noahkai Banks,0.1
Dimitrios Giannoulis,2.8
Mads Pedersen,2.5
Marius Wolf,3.0
Robert Gumny,2.0
Henri Koudossou,0.8
Kristijan Jakic,6.5
Mahmut Kücüksahin,0.1
Frank Onyeka,9.0
Arne Maier,4.0
Elvis Rexhbecaj,3.5
Alexis Claude-Maurice,5.0
Fredrik Jensen,3.5
Mert Kömür,2.0
Yusuf Kabadayi,1.5
Mergim Berisha,7.0
Phillip Tietz,5.0
Samuel Essende,4.5
Steve Mounié,3.0
Kevin Müller,1.0
Frank Feller,0.3
Vitus Eicher,0.2
Paul Tschernuth,0.1
Benedikt Gimber,3.0
Patrick Mainka,3.0
Tim Siersleben,1.5
Thomas Keller,0.3
Jonas Föhrenbach,2.0
Frans Krätzig,1.5
Omar Traoré,4.0
Marnon Busch,1.2
Niklas Dorsch,3.5
Julian Niehues,1.5
Luka Janes,0.2
Norman Theuerkauf,0.1
Jan Schöppner,4.5
Luca Kerber,1.3
Paul Wanner,18.0
Adrian Beck,2.0
Leo Scienza,3.0
Mathias Honsak,1.5
Christopher Negele,
Sirlord Conteh,1.5
Marvin Pieringer,5.5
Maximilian Breunig,2.0
Budu Zivzivadze,1.8
Stefan Schimmer,0.5
Patrick Drewes,1.0
Timo Horn,0.5
Paul Grave,0.5
Bernardo,5.5
Tim Oermann,4.0
Erhan Masovic,3.0
Jakov Medic,2.0
Ivan Ordets,1.8
Mohammed Tolba,0.2
Maximilian Wittek,2.0
Felix Passlack,2.0
Cristian Gamboa,0.5
Ibrahima Sissoko,4.5
Anthony Losilla,0.5
Niklas Jahn,0.2
Tom Krauß,4.0
Matus Bero,3.0
Mats Pannewig,0.6
Koji Miyoshi,1.8
Dani de Wit,4.0
Lennart Koerdt,
Georgios Masouras,3.2
Gerrit Holtmann,0.7
Samuel Bamba,0.8
Myron Boadu,5.0
Moritz Broschinski,2.5
Philipp Hofmann,1.5
Nikola Vasilj,3.0
Ben Voll,0.5
Eric Oelschlägel,0.3
Sascha Burchert,0.2
Sören Ahlers,0.5
Eric Smith,5.0
Hauke Wahl,1.5
Siebe Van der Heyden,1.5
Karol Mets,1.3
David Nemeth,1.0
Adam Dzwigala,0.6
Muhammad Dahaba,0.1
Philipp Treu,3.5
Lars Ritzka,0.9
Manolis Saliakas,2.8
Fin Stevens,0.6
James Sands,3.0
Marwin Schmitz,0.2
Robert Wagner,3.0
Connor Metcalfe,2.5
Jackson Irvine,2.0
Carlo Boukhalfa,1.0
Erik Ahlstrand,0.7
Elias Saad,4.0
Noah Weißhaupt,3.5
Romeo Aigbekaen,0.1
Oladapo Afolayan,4.0
Morgan Guilavogui,3.0
Danel Sinani,0.5
Scott Banks,0.5
Johannes Eggestein,2.5
Andreas Albers,0.3
Simon Zoller,0.3
Abdoulie Ceesay,0.2
Timon Weiner,1.5
Thomas Dähne,0.4
Marcel Engelhardt,0.1
Tyler Doğan,0.7
Marko Ivezic,2.5
Colin Kleine-Bekel,2.5
Timo Becker,2.0
Max Geschwill,1.5
Marco Komenda,0.8
Carl Johansson,0.7
David Zec,0.7
Ivan Nekic,0.4
John Tolkin,4.0
Dominik Javorcek,0.5
Lasse Rosenboom,0.5
Patrick Erras,1.0
Marvin Schulz,0.7
Armin Gigovic,3.0
Magnus Knudsen,2.5
Nicolai Remberg,1.8
Lewis Holtby,0.5
Aurel Wagbe,0.1
Finn Porath,1.5
Steven Skrzybski,1.0
Andu Kelati,0.8
Alexander Bernhardsson,1.5
Shuto Machino,3.0
Benedikt Pichler,2.0
Phil Harres,1.5
Fiete Arp,0.8
Josep Martínez,12.0
Yann Sommer,4.0
Raffaele Di Gennaro,0.3
Alessandro Bastoni,75.0
Benjamin Pavard,40.0
Yann Bisseck,30.0
Stefan de Vrij,7.0
Francesco Acerbi,3.0
Federico Dimarco,60.0
Carlos Augusto,22.0
Denzel Dumfries,20.0
Matteo Darmian,4.0
Hakan Çalhanoğlu,40.0
Kristjan Asllani,18.0
Nicolò Barella,80.0
Davide Frattesi,32.0
Piotr Zieliński,18.0
Henrikh Mkhitaryan,5.0
Nicola Zalewski,10.0
Valentín Carboni,12.0
Joaquín Correa,3.0
Lautaro Martínez,100.0
Marcus Thuram,75.0
Mehdi Taremi,8.0
Marko Arnautovic,3.5
Michele Di Gregorio,18.0
Mattia Perin,3.0
Carlo Pinsoglio,0.2
Bremer,60.0
Pierre Kalulu,26.0
Federico Gatti,25.0
Lloyd Kelly,18.0
Renato Veiga,10.0
Andrea Cambiaso,40.0
Juan Cabal,9.0
Jonas Rouhi,2.0
Nicolò Savona,14.0
Alberto Costa,1.0
Manuel Locatelli,28.0
Douglas Luiz,45.0
Khéphren Thuram,35.0
Weston McKennie,24.0
Teun Koopmeiners,50.0
Vasilije Adžić,2.0
Kenan Yıldız,45.0
Samuel Mbangula,8.0
Francisco Conceição,36.0
Nico González,35.0
Timothy Weah,17.0
Dušan Vlahović,60.0
Randal Kolo Muani,30.0
Arkadiusz Milik,4.0
Mike Maignan,35.0
Marco Sportiello,1.5
Lorenzo Torriani,0.5
Fikayo Tomori,22.0
Malick Thiaw,20.0
Matteo Gabbia,20.0
Strahinja Pavlović,17.0
Theo Hernández,50.0
Emerson Royal,14.0
Kyle Walker,10.0
Álex Jiménez,5.0
Filippo Terracciano,4.5
Alessandro Florenzi,1.5
Youssouf Fofana,30.0
Tijjani Reijnders,50.0
Yunus Musah,22.0
Ruben Loftus-Cheek,20.0
Warren Bondo,7.0
Rafael Leão,75.0
Riccardo Sottil,6.0
Christian Pulisic,50.0
Samuel Chukwueze,18.0
João Félix,30.0
Santiago Gimenez,37.0
Tammy Abraham,20.0
Luka Jović,4.0
Marco Carnesecchi,20.0
Rui Patrício,1.0
Francesco Rossi,0.1
Giorgio Scalvini,45.0
Odilon Kossounou,30.0
Isak Hien,30.0
Stefan Posch,10.0
Sead Kolasinac,10.0
Berat Djimsiti,8.0
Rafael Tolói,1.5
Marten de Roon,7.0
Ibrahim Sulemana,6.0
Éderson,50.0
Lazar Samardžić,20.0
Mario Pasalic,13.0
Marco Brescianini,8.0
Raoul Bellanova,22.0
Davide Zappacosta,6.0
Marco Palestra,3.0
Juan Cuadrado,1.0
Matteo Ruggeri,20.0
Charles De Ketelaere,38.0
Daniel Maldini,6.0
Ademola Lookman,55.0
Mateo Retegui,35.0
Gianluca Scamacca,30.0
Alex Meret,12.0
Simone Scuffet,2.0
Nikita Contini,0.4
Claudio Turi,0.1
Alessandro Buongiorno,45.0
Amir Rrahmani,12.0
Rafa Marín,9.0
Juan Jesus,1.5
Mathías Olivera,18.0
Leonardo Spinazzola,2.5
Giovanni Di Lorenzo,15.0
Pasquale Mazzocchi,3.0
Stanislav Lobotka,28.0
Billy Gilmour,16.0
Scott McTominay,40.0
Frank Anguissa,27.0
Philip Billing,14.0
Luis Hasa,1.0
Noah Okafor,15.0
David Neres,28.0
Cyril Ngonge,12.0
Matteo Politano,10.0
Giacomo Raspadori,15.0
Romelu Lukaku,25.0
Giovanni Simeone,10.0
Mile Svilar,14.0
Pierluigi Gollini,2.5
Renato Marin,0.5
Evan Ndicka,25.0
Gianluca Mancini,18.0
Victor Nelsson,14.0
Mats Hummels,3.5
Angeliño,8.0
Anass Salah-Eddine,5.0
Devyne Rensch,12.0
Zeki Çelik,5.0
Saud Abdulhamid,4.0
Buba Sangaré,1.0
Bryan Cristante,12.0
Lucas Gourna-Douath,8.0
Leandro Paredes,5.0
Manu Koné,26.0
Niccolò Pisilli,12.0
Lorenzo Pellegrini,14.0
Tommaso Baldanzi,14.0
Stephan El Shaarawy,5.0
Matías Soulé,22.0
Alexis Saelemaekers,12.0
Paulo Dybala,8.0
Artem Dovbyk,30.0
Eldor Shomurodov,4.0
Ivan Provedel,14.0
Christos Mandas,5.0
Davide Renzetti,0.1
Alessio Furlanetto,0.5
Mario Gila,28.0
Alessio Romagnoli,12.0
Samuel Gigot,4.0
Patric,4.0
Oliver Provstgaard,2.5
Filipe Bordon,0.5
Nuno Tavares,25.0
Luca Pellegrini,3.5
Adam Marusic,4.0
Elseid Hysaj,2.0
Nicolò Rovella,25.0
Reda Belahyane,10.0
Mattéo Guendouzi,32.0
Matías Vecino,2.5
Toma Bašić,1.0
Manuel Lazzari,4.0
Fisayo Dele-Bashiru,6.0
Arijon Ibrahimovic,4.0
Cristo Muñoz,0.2
André Anderson,0.2
Mattia Zaccagni,20.0
Gustav Isaksen,15.0
Tijjani Noslin,12.0
Loum Tchaouna,10.0
Pedro,1.0
Taty Castellanos,20.0
Boulaye Dia,15.0
David de Gea,5.0
Tommaso Martinelli,1.8
Pietro Terracciano,1.5
Pietro Comuzzo,15.0
Luca Ranieri,12.0
Marin Pongračić,10.0
Matías Moreno,4.0
Pablo Marí,3.5
Robin Gosens,8.0
Fabiano Parisi,5.0
Dodô,22.0
Yacine Adli,15.0
Rolando Mandragora,8.0
Danilo Cataldi,4.0
Nicolò Fagioli,20.0
Edoardo Bove,14.0
Amir Richardson,9.0
Michael Folorunsho,7.0
Cher Ndour,4.0
Lucas Beltrán,18.0
Nicolò Zaniolo,18.0
Andrea Colpani,16.0
Maat Daniel Caprini,2.0
Albert Gudmundsson,28.0
Moise Kean,30.0
Lukasz Skorupski,2.5
Federico Ravaglia,1.0
Nicola Bagnolini,0.2
Sam Beukema,22.0
Jhon Lucumí,18.0
Nicolò Casale,7.0
Martin Erlić,5.0
Juan Miranda,11.0
Charalampos Lykogiannis,1.0
Davide Calabria,7.5
Emil Holm,7.0
Lorenzo De Silvestri,0.4
Nikola Moro,5.0
Oussama El Azzouzi,2.0
Tommaso Pobega,10.0
Michel Aebischer,10.0
Remo Freuler,6.5
Andri Fannar Baldursson,0.9
Lewis Ferguson,22.0
Giovanni Fabbian,13.0
Jens Odgaard,7.0
Benja Domínguez,6.0
Estanis Pedrola,1.8
Dan Ndoye,25.0
Riccardo Orsolini,16.0
Nicolò Cambiaghi,7.0
Santiago Castro,25.0
Thijs Dallinga,12.0
Vanja Milinković-Savić,8.0
Alberto Paleari,0.5
Antonio Donnarumma,0.3
Perr Schuurs,15.0
Saúl Coco,14.0
Sebastian Walukiewicz,5.0
Guillermo Maripán,4.0
Adam Masina,1.5
Cristiano Biraghi,2.0
Samuele Ricci,28.0
Adrien Tamèze,3.5
Ivan Ilić,18.0
Cesare Casadei,10.0
Gvidas Gineitis,4.0
Karol Linetty,3.5
Emirhan İlkhan,2.5
Marcus Pedersen,4.5
Ali Dembélé,0.8
Borna Sosa,6.0
Valentino Lazaro,3.5
Eljif Elmas,12.0
Nikola Vlašić,7.0
Alieu Njie,2.5
Yann Karamoh,1.8
Zanos Savva,1.0
Ché Adams,15.0
Antonio Sanabria,6.0
Duván Zapata,4.0
Amine Salama,1.8
Zion Suzuki,9.0
Edoardo Corvi,0.3
Richard Marcone,0.2
Alessandro Circati,8.5
Giovanni Leoni,4.5
Botond Balogh,2.5
Alessandro Vogliacco,2.0
Yordan Osorio,1.7
Lautaro Valenti,1.5
Mathias Løvik,5.0
Emanuele Valeri,3.0
Enrico Delprato,6.0
Antoine Hainaut,1.0
Mandela Keita,11.0
Nahuel Estévez,3.5
Adrián Bernabé,15.0
Simon Sohm,4.0
Hernani,2.0
Drissa Camara,1.0
Jacob Ondrejka,7.0
Adrian Benedyczak,6.0
Valentin Mihăilă,3.0
Dennis Man,17.0
Matteo Cancellieri,5.0
Pontus Almqvist,2.5
Anas Haj Mohamed,1.8
Mateusz Kowalski,0.3
Ange-Yoan Bonny,20.0
Mateo Pellegrino,3.5
Gabriel Charpentier,1.6
Milan Djuric,1.5
Nicola Leali,0.8
Benjamin Siegrist,0.6
Daniele Sommariva,0.1
Koni De Winter,12.0
Johan Vásquez,10.0
Alan Matturro,8.0
Mattia Bani,2.0
Sebastian Otoa,0.6
Aarón Martín,5.0
Honest Ahanor,3.0
Alessandro Zanoli,6.0
Brooke Norton-Cuffy,4.5
Stefano Sabelli,1.5
Jean Onana,3.0
Lior Kassa,1.0
Milan Badelj,0.8
Morten Frendrup,20.0
Fabio Miretti,12.0
Morten Thorsby,3.0
Patrizio Masini,0.6
Ruslan Malinovskyi,3.5
Hugo Cuenca,0.1
Maxwel Cornet,8.0
Junior Messias,2.0
Andrea Pinamonti,16.0
Vitinha,13.0
Jeff Ekhator,5.0
Caleb Ekuban,1.5
Mario Balotelli,0.5
Maduka Okoye,7.5
Răzvan Sava,2.0
Daniele Padelli,0.1
Edoardo Piana,0.5
Jaka Bijol,18.0
Oumar Solet,8.0
Isaak Touré,8.0
Thomas Kristensen,4.5
Lautaro Giannetti,2.5
Matteo Palma,1.0
Christian Kabasele,1.0
Jordan Zemura,5.0
Hassane Kamara,3.5
Kingsley Ehizibue,3.0
Jesper Karlström,2.5
Sandi Lovrić,8.0
Jurgen Ekkelenkamp,5.5
Martín Payero,4.5
Oier Zarraga,2.0
Arthur Atta,1.0
Rui Modesto,1.8
Simone Pafundi,6.0
David Pejičić,1.0
Florian Thauvin,5.0
Lorenzo Lucca,18.0
Brenner,8.0
Damián Pizarro,6.5
Keinan Davis,4.0
Alexis Sánchez,2.0
Iker Bravo,1.5
Jean Butez,4.0
Pepe Reina,0.6
Mauro Vigorito,0.1
Pierre Bolchini,0.5
Alberto Dossena,7.0
Marc Oliver Kempf,2.5
Edoardo Goldaniga,1.2
Fellipe Jack,0.2
Álex Valle,3.0
Alberto Moreno,1.8
Mërgim Vojvoda,3.0
Ignace Van der Brempt,3.0
Ivan Smolcic,2.0
Máximo Perrone,9.0
Yannik Engelhardt,7.0
Maxence Caqueret,15.0
Lucas Da Cunha,6.0
Sergi Roberto,2.0
Matthias Braunöder,2.0
Giuseppe Mazzaglia,0.2
Alessio Iovine,0.4
Nico Paz,20.0
Dele Alli,3.5
Naj Razi,0.3
Alieu Fadera,5.0
Assane Diao,9.0
Jonathan Ikoné,8.0
Gabriel Strefezza,6.0
Patrick Cutrone,7.0
Anastasios Douvikas,5.0
Iván Azón,3.0
Alessandro Gabrielloni,1.0
Stefano Turati,7.5
Semuel Pizzignacco,0.8
Andrea Mazza,0.7
Tomás Palacios,6.0
Andrea Carboni,4.0
Armando Izzo,2.5
Stefan Leković,1.8
Luca Caldirola,1.0
Danilo D'Ambrosio,0.8
Arvid Brorsson,0.6
Samuele Birindelli,3.5
Pedro Pereira,1.8
Leonardo Colombo,0.2
Matteo Pessina,12.0
Kacper Urbanski,7.0
Gaetano Castrovilli,5.0
Alessandro Bianco,5.0
Kevin Zeroli,3.5
Roberto Gagliardini,2.0
Stefano Sensi,1.5
Jean-Daniel Akpa Akpro,0.5
Patrick Ciurria,3.0
Georgios Kyriakopoulos,3.5
Samuele Vignato,3.5
Keita Baldé,1.0
Omari Forson,2.0
Kevin Martins,0.3
Dany Mota,5.0
Gianluca Caprari,2.5
Silvere Ganvoula,2.0
Andrea Petagna,2.0
Devis Vásquez,4.0
Jacopo Seghetti,1.0
Marco Silvestri,0.5
Federico Brancolini,0.2
Saba Goglichidze,8.0
Mattia Viti,6.5
Ardian Ismajli,6.0
Saba Sazonov,2.5
Luca Marianucci,0.8
Giuseppe Pezzella,2.5
Liberato Cacace,2.0
Tyronne Ebuehi,1.5
Junior Sambia,1.4
Mattia De Sciglio,1.0
Alberto Grassi,1.8
Jacopo Fazzini,8.0
Youssef Maleh,4.0
Szymon Żurkowski,2.5
Liam Henderson,1.4
Nicolas Haas,0.7
Tino Anjorin,2.5
Viktor Kovalenko,1.2
Emmanuel Gyasi,2.0
Ola Solbakken,2.5
Sebastiano Esposito,7.0
Christian Kouamé,7.5
Lorenzo Colombo,6.0
Pietro Pellegri,3.0
Lorenzo Montipò,3.0
Federico Magro,0.3
Simone Perilli,0.2
Alessandro Berardi,0.5
Diego Coppola,7.5
Nicolás Valentini,4.5
Flavius Daniliuc,4.0
Paweł Dawidowicz,2.5
Tobias Slotsager,2.0
Daniele Ghilardi,1.6
Luan Patrick,1.3
Yllan Okou,0.9
Domagoj Bradarić,4.0
Martin Frese,2.0
Jackson Tchatchoua,8.0
Davide Faraoni,1.0
Daniel Oyegoke,0.4
Cheikh Niasse,1.5
Suat Serdar,5.0
Ondrej Duda,4.0
Antoine Bernede,3.5
Abdou Harroui,2.5
Darko Lazović,1.5
Tomas Suslov,6.0
Grigoris Kastanos,1.8
Alphadjo Cissè,1.4
Casper Tengstedt,7.0
Amin Sarr,4.0
Daniel Mosquera,1.5
Dailon Rocha Livramento,0.8
Mathis Lambourde,0.5
Junior Ajayi,0.1
Elia Caprile,6.0
Alen Sherri,1.0
Giuseppe Ciocci,0.1
Sebastiano Luperto,3.5
Yerry Mina,3.0
Adam Obert,3.0
José Luis Palomino,0.7
Tommaso Augello,1.8
Gabriele Zappa,3.5
Matteo Prati,9.0
Răzvan Marin,4.0
Antoine Makoumbou,4.0
Alessandro Deiola,1.6
Michel Adopo,1.5
Nadir Zortea,3.0
Jakub Jankto,1.0
Gianluca Gaetano,5.0
Nicolas Viola,0.8
Florinel Coman,6.0
Mattia Felici,1.5
Zito Luvumbo,7.0
Roberto Piccoli,6.0
Kingstone Mutandwa,1.0
Leonardo Pavoletti,0.7
Wladimiro Falcone,4.0
Christian Früchtl,1.5
Jasper Samooja,0.7
Federico Baschirotto,5.0
Kialonda Gaspar,2.5
Gaby Jean,1.0
Tiago Gabriel,0.4
Sebastian Esposito,0.2
Elijah Scott,
Antonino Gallo,5.5
Marco Sala,1.0
Vernon Addo,0.1
Frédéric Guilbert,2.5
Danilo Veiga,1.0
Ylber Ramadani,4.0
Balthazar Pierret,1.0
Mohamed Kaba,3.5
Lassana Coulibaly,2.5
Joan González,2.0
Hamza Rafia,1.7
Medon Berisha,1.0
Thórir Jóhann Helgason,0.8
Filip Marchwinski,4.5
Lameck Banda,6.0
Jesper Karlsson,6.0
Tete Morente,2.0
Ante Rebić,1.5
Nicola Sansone,0.8
Santiago Pierotti,2.5
Konan N’Dri,1.5
Jeppe Corfitzen,0.4
Nikola Krstović,6.0
Rareș Burnete,0.7
Joel Voelkerling Persson,0.3
Filip Stanković,4.5
Andrei Radu,1.5
Jesse Joronen,1.0
Matteo Grandi,0.1
Jay Idzes,3.0
Michael Svoboda,3.0
Alessandro Marcandalli,2.0
Joël Schingtienne,2.0
Fali Candé,1.5
Marin Šverko,1.2
Ridgeciano Haps,1.0
Franco Carboni,0.9
Richie Sagrado,2.0
Francesco Zampano,1.1
Cheick Condé,3.0
Gianluca Busio,6.5
Hans Nicolussi Caviglia,6.0
Kike Pérez,2.8
Mikael Egill Ellertsson,2.8
Alfred Duncan,2.5
Issa Doumbia,1.0
Domen Crnigoj,0.9
Bjarki Bjarkason,0.8
Gaetano Oristanio,6.5
John Yeboah,2.5
Saad El Haddad,0.2
Alessio Zerbin,3.5
Daniel Fila,1.2
Christian Gytkjaer,0.7
Mirko Marić,0.7
Gianluigi Donnarumma,35.0
Matvey Safonov,22.0
Arnau Tenas,4.0
Marquinhos,40.0
Willian Pacho,40.0
Lucas Beraldo,30.0
Presnel Kimpembe,8.0
Naoufel El Hannach,
Nuno Mendes,55.0
Lucas Hernández,32.0
Achraf Hakimi,60.0
Yoram Zague,2.5
João Neves,60.0
Warren Zaïre-Emery,60.0
Vitinha,55.0
Fabián Ruiz,35.0
Senny Mayulu,5.0
Khvicha Kvaratskhelia,85.0
Bradley Barcola,65.0
Désiré Doué,40.0
Ousmane Dembélé,55.0
Kang-in Lee,30.0
Ibrahim Mbaye,2.0
Gonçalo Ramos,50.0
Radoslaw Majecki,7.0
Philipp Köhn,4.0
Yann Lienard,0.2
Wilfried Singo,25.0
Thilo Kehrer,15.0
Mohammed Salisu,15.0
Christian Mawissa,12.0
Caio Henrique,18.0
Kassoum Ouattara,8.0
Vanderson,20.0
Jordan Teze,15.0
Denis Zakaria,30.0
Soungoutou Magassa,12.0
Moatasem Al-Musrati,11.0
Lamine Camara,20.0
Edan Diop,1.5
Aleksandr Golovin,30.0
Eliesse Ben Seghir,30.0
Takumi Minamino,15.0
Maghnes Akliouche,40.0
Krépin Diatta,10.0
Folarin Balogun,25.0
George Ilenikhena,15.0
Mika Biereth,13.0
Breel Embolo,12.0
Lucas Chevalier,30.0
Vito Mannone,0.2
Marc-Aurèle Caillard,0.1
Bafodé Diakité,25.0
Alexsandro,12.0
Samuel Umtiti,2.0
Aïssa Mandi,1.5
Gabriel Gudmundsson,7.0
Mitchel Bakker,5.0
Ismaily,1.5
Tiago Santos,15.0
Thomas Meunier,2.0
Ngal'ayel Mukau,10.0
Nabil Bentaleb,8.0
Benjamin André,6.0
Ayyoub Bouaddi,25.0
André Gomes,8.0
Ethan Mbappé,2.0
Angel Gomes,25.0
Hákon Arnar Haraldsson,9.0
Rémy Cabella,3.0
Osame Sahraoui,12.0
Edon Zhegrova,25.0
Jonathan David,45.0
Matías Fernández-Pardo,10.0
Chuba Akpom,8.0
Gerónimo Rulli,5.0
Jeffrey de Lange,2.5
Rubén Blanco,1.5
Jelle Van Neck,0.1
Leonardo Balerdi,20.0
Luiz Felipe,8.0
Chancel Mbemba,5.0
Derek Cornelius,4.0
Quentin Merlin,12.0
Ulisses Garcia,4.0
Amar Dedic,15.0
Amir Murillo,7.0
Pol Lirola,4.0
Pierre-Emile Højbjerg,20.0
Ismaël Bennacer,14.0
Geoffrey Kondogbia,8.0
Adrien Rabiot,25.0
Valentin Rongier,9.0
Bilal Nadir,0.5
Amine Harit,15.0
Darryl Bakola,
Luis Henrique,15.0
Jonathan Rowe,12.0
Mason Greenwood,35.0
Amine Gouiri,20.0
Neal Maupay,12.0
Faris Moumbagna,8.0
Marcin Bulka,20.0
Maxime Dupé,1.2
Teddy Boulhendi,0.1
Youssouf Ndayishimiye,12.0
Moïse Bombito,7.0
Mohamed Abdelmonem,4.0
Dante,0.5
Amidou Doumbouya,0.3
Melvin Bard,12.0
Ali Abdi,3.0
Jonathan Clauss,6.0
Antoine Mendy,3.0
Pablo Rosario,8.0
Baptiste Santamaria,7.0
Hicham Boudaoui,10.0
Tanguy Ndombélé,10.0
Morgan Sanson,7.0
Tom Louchet,3.0
Jérémie Boga,15.0
Sofiane Diop,12.0
Mohamed-Ali Cho,12.0
Badredine Bouanani,5.0
Evann Guessand,20.0
Terem Moffi,18.0
Youssoufa Moukoko,18.0
Gaëtan Laborde,5.0
Victor Orakpo,0.5
Lucas Perri,8.0
Rémy Descamps,1.5
Lassine Diarra,0.2
Moussa Niakhaté,15.0
Duje Caleta-Car,8.0
Warmed Omari,6.0
Abner,9.0
Nicolás Tagliafico,7.0
Ainsley Maitland-Niles,10.0
Saël Kumbedi,4.0
Clinton Mata,4.0
Tanner Tessmann,6.0
Nemanja Matic,2.5
Paul Akouokou,0.8
Jordan Veretout,7.0
Corentin Tolisso,7.0
Rayan Cherki,30.0
Thiago Almada,27.0
Malick Fofana,25.0
Ernest Nuamah,15.0
Georges Mikautadze,18.0
Alexandre Lacazette,8.0
Enzo Molebe,0.1
Brice Samba,15.0
Doğan Alemdar,2.0
Gauthier Gallon,1.0
Steve Mandanda,0.7
Geoffrey Lembet,0.1
Lilian Brassier,10.0
Mikayil Faye,10.0
Anthony Rouault,10.0
Alidu Seidu,9.0
Christopher Wooh,7.0
Jérémy Jacquet,1.0
Adrien Truffert,15.0
Mahamadou Nagida,1.0
Lorenz Assignon,9.0
Hans Hateboer,3.0
Azor Matusiwa,12.0
Seko Fofana,12.0
Ismaël Koné,12.0
Naouirou Ahamada,6.0
Jordan James,5.0
Djaoui Cissé,0.1
Ayanda Sishuba,2.0
Kazeem Olaigbe,1.8
Ludovic Blas,15.0
Mousa Tamari,6.0
Carlos Andrés Gómez,5.0
Arnaud Kalimuendo,20.0
Kyogo Furuhashi,14.0
Wilson Samaké,0.1
Mohamed Kader Meïté,
Djordje Petrovic,18.0
Alaa Bellaarouch,1.0
Karl-Johan Johnsson,0.4
Ismaël Doukouré,15.0
Abakar Sylla,12.0
Andrew Omobamidele,11.0
Mamadou Sarr,8.0
Yoni Gomis,1.0
Valentín Barco,6.0
Eduard Sobol,1.2
Thomas Delaine,0.8
Guéla Doué,8.0
Pape Diong,0.8
Andrey Santos,25.0
Habib Diarra,20.0
Sebastian Nanasi,15.0
Félix Lemaréchal,5.0
Tidiane Diallo,
Diego Moreira,6.0
Óscar Perea,2.5
Dilane Bakwa,15.0
Samuel Amo-Ameyaw,0.3
Abdoul Ouattara,0.1
Emanuel Emegha,15.0
Sékou Mara,6.0
Moïse Sahi Dion,1.5
Marco Bizot,3.5
Grégoire Coudert,0.4
Noah Jauny,
Soumaïla Coulibaly,9.0
Brendan Chardonnet,8.0
Abdoulaye Ndiaye,3.0
Julien Le Cardinal,1.5
Bradley Locko,10.0
Jordan Amavi,2.0
Massadio Haidara,1.8
Justin Bourgault,0.1
Kenny Lala,2.5
Luck Zogbé,0.5
Pierre Lees-Melou,8.0
Edimilson Fernandes,3.5
Jonas Martin,0.8
Hamidou Makalou,
Mahdi Camara,10.0
Hugo Magnetti,7.0
Romain Faivre,9.0
Kamory Doumbia,5.0
Abdallah Sima,10.0
Ibrahim Salah,4.0
Mathias Pereira Lage,2.0
Romain Del Castillo,10.0
Mama Baldé,4.5
Ludovic Ajorque,4.0
Mathew Ryan,2.5
Hervé Koffi,1.5
Denis Petric,0.1
Facundo Medina,25.0
Jonathan Gradit,4.0
Malang Sarr,3.0
Nidal Celik,1.0
Juma Bah,1.0
Jhoanner Chávez,4.0
Deiver Machado,3.5
Ruben Aguilar,4.0
Hamzat Ojediran,2.0
Nampalys Mendy,2.0
Tom Pouilly,0.1
Andy Diouf,10.0
Neil El Aynaoui,8.0
Anass Zaroury,8.0
Angelo Fulgini,6.0
Adrien Thomasson,5.0
Jeremy Agbonifo,3.5
M'Bala Nzola,8.0
Martín Satriano,7.0
Wesley Saïd,3.5
Florian Sotoca,2.5
Rémy Labeau Lascary,2.5
Goduine Koyalipou,1.2
Yehvann Diouf,9.0
Alexandre Olliero,0.3
Ludovic Butelle,0.1
Joseph Okumu,9.0
Cédric Kipré,3.0
Malcolm Jeng,1.5
Abdoul Koné,0.5
Sergio Akieme,7.0
Nhoa Sangui,2.5
Aurélio Buta,5.0
Hiroki Sekine,0.8
Gabriel Moscardo,12.0
Mory Gbane,2.5
Amadou Koné,1.0
Valentin Atangana,9.0
Yaya Fofana,5.0
Teddy Teuma,5.0
John Patrick,0.2
Reda Khadra,2.5
Keito Nakamura,12.0
Mohamed Daramy,7.0
Mamadou Diakhon,1.5
Junya Ito,8.0
Oumar Diakité,9.0
Jordan,3.0
Alban Lafont,7.0
Anthony Lopes,1.5
Patrik Carlgren,0.8
Hugo Barbet,0.1
Nathan Zézé,12.0
Saïdou Sow,6.0
Jean-Charles Castelletto,3.5
Nicolas Pallois,0.5
Nicolas Cozza,3.5
Fabien Centonze,2.5
Kelvin Amian,2.5
Marcus Coco,1.5
Johann Lepenant,7.0
Pedro Chirivella,5.0
Francis Coquelin,1.0
Douglas Augusto,6.0
Dehmaine Tabibou,0.1
Florent Mollet,1.5
Louis Leroux,0.5
Moses Simon,12.0
Herba Guirassy,1.0
Sorba Thomas,4.0
Matthis Abline,9.0
Mostafa Mohamed,6.0
Meschack Elia,5.0
Tino Kadewere,3.0
Guillaume Restes,18.0
Kjetil Haug,0.4
Justin Lacombe,0.5
Mark McKenzie,6.0
Rasmus Nicolaisen,5.0
Charlie Cresswell,5.0
Ümit Akdağ,0.8
Jaydee Canvot,0.5
Aron Dønnum,4.0
Gabriel Suazo,3.0
Ylies Aradj,
Warren Kamanzi,2.0
Djibril Sidibé,1.2
Cristian Cásseres Jr.,5.0
Vincent Sierro,4.0
Niklas Schmidt,2.5
Miha Zajc,1.8
Rafik Messali,
Mathis Saka,
Yann Gboho,6.0
Zakaria Aboukhlal,10.0
Shavy Babicka,3.0
Noah Edjouma,0.5
Frank Magri,2.5
Joshua King,2.0
Arthur Desmas,2.5
Mathieu Gorgelin,0.2
Arouna Sangante,10.0
Étienne Youté Kinkoué,8.0
Gautier Lloris,3.0
Fodé Ballo-Touré,1.5
Yanis Zouaoui,0.6
Timothée Pembélé,2.5
Loïc Nego,0.8
Oualid El Hajjam,0.6
Junior Mwanga,6.0
Abdoulaye Touré,3.0
Rassoul Ndiaye,2.5
Aloïs Confais,0.2
Daler Kuzyaev,6.0
Yassine Kechta,5.0
Mahamadou Diawara,2.5
Ismaïl Bouneb,0.5
Antoine Joujou,2.5
Issa Soumaré,1.0
Josué Casimir,3.5
Ruben Londja,
Ilyes Housni,2.5
Ahmed Hassan,0.9
André Ayew,0.7
Elysée Logbo,0.6
Yann Kitala,0.5
Donovan Léon,0.5
Théo De Percin,0.1
Raphaël Adiceam,0.5
Tom Negrel,
Sinaly Diomandé,5.0
Gabriel Osho,3.0
Jubal,2.0
Clément Akpa,2.0
Gideon Mensah,3.5
Fredrik Oppegård,0.6
Ki-Jana Hoever,4.5
Paul Joly,2.0
Ange Loïc N'Gatta,0.1
Elisha Owusu,3.0
Assane Dioussé,0.8
Nathan Buayi-Kiala,0.1
Han-Noah Massengo,3.0
Kévin Danois,2.5
Hamed Junior Traoré,18.0
Ben Viadere,
Lassine Sinayoko,3.5
Aristide Zossou,
Gaëtan Perrin,4.0
Lasso Coulibaly,1.5
Eros Maddy,0.2
Theo Bair,1.8
Ado Onaiwu,1.8
Florian Ayé,1.5
Benjamin Lecomte,3.0
Dimitry Bertaud,1.2
Belmin Dizdarevic,0.1
Bamo Meïté,5.0
Becir Omeragic,5.0
Kiki Kouyaté,3.5
Modibo Sagnan,3.0
Christopher Jullien,2.0
Nikola Maksimović,0.4
Issiaga Sylla,2.0
Lucas Mincarelli,0.9
Théo Sainte-Luce,0.8
Falaye Sacko,3.0
Enzo Tchato,2.5
Joris Chotard,9.0
Rabby Nzingoula,2.5
Khalil Fayad,4.0
Jordan Ferri,3.5
Téji Savanier,5.0
Nicolas Pays,
Wahbi Khazri,1.5
Tanguy Coulibaly,1.8
Othmane Maamma,0.8
Andy Delort,2.0
Glenn Ngosso,
Gautier Larsonneur,3.5
Brice Maubleu,0.3
Boubacar Fall,0.1
Dylan Batubinsika,2.5
Maxime Bernauer,2.0
Mickaël Nade,1.5
Anthony Briançon,0.8
Yunis Abdelhamid,0.5
Pierre Cornud,1.0
Léo Pétrot,1.0
Yvann Maçon,2.0
Dennis Appiah,0.9
Pierre Ekwah,4.0
Lamine Fomba,1.0
Louis Mouton,0.8
Benjamin Bouchouari,3.0
Aïmen Moueffek,2.5
Florian Tardieu,0.7
Augustine Boakye,3.0
Igor Miladinovic,2.5
Ben Old,0.8
Zuriko Davitashvili,8.0
Lucas Stassin,5.0
Ibrahim Sissoko,2.5
Irvin Cardona,2.0
Ibrahima Wadji,0.8
Djylian N'Guessan,
Yahia Fofana,4.5
Melvin Zinga,0.1
Oumar Pona,
Emmanuel Biumla,2.0
Cédric Hountondji,1.5
Jordan Lefort,1.2
Ousmane Camara,0.5
Abdoulaye Bamba,0.3
Jacques Ekomié,0.8
Florent Hanin,0.3
Carlens Arcus,1.5
Lilian Raolisoa,0.7
Halid Sabanovic,0.2
Jean-Eudes Aholou,1.5
Zinédine Ould Khaled,0.3
Haris Belkebla,2.0
Yassin Belkhdim,0.8
Pierrick Capelle,0.2
Himad Abdelli,5.0
Farid El Melali,2.5
Jim Allevinah,1.8
Zinedine Ferhat,1.2
Justin-Noël Kalumba,0.6
Bamba Dieng,3.5
Ibrahima Niane,1.5
Sidiki Chérif,1.0
Estéban Lepaul,0.7
Adrien Hunou,0.5
